{"Depression": 3.789227166276347, "Crohn's Disease, Maintenance": 3.444534983897392, "Urinary Tract Infection": 2.8392857142857144, "Weight Loss": 4.329670329670329, "Birth Control": 3.2877470355731226, "Keratosis": 3.994863665238392, "Migraine Prevention": 3.3157894736842106, "Opiate Withdrawal": 4.33332299675581, "Hot Flashes": 2.889165733969873, "Vaginal Yeast Infection": 2.309734513274336, "Schizoaffective Disorde": 3.5000000088772385, "Insomnia": 3.6363636363636362, "Narcolepsy": 4.136363636043702, "Smoking Cessation": 4.424657534246576, "Acne": 4.0085470085470085, "Bipolar Disorde": 3.725806451612903, "Irritable Bowel Syndrome": 3.909090909090909, "Keratoconjunctivitis Sicca": 2.4979640068779267, "Hyperhidrosis": 4.344827586206462, "Panic Disorde": 4.212765957446808, "Onychomycosis, Fingernail": 3.714429289303661, "Rosacea": 3.40000000001187, "Bowel Preparation": 3.814814814814815, "Constipation, Drug Induced": 3.856789980270252, "Diabetes, Type 2": 3.766990291262136, "Pain": 4.140740740740741, "Lipodystrophy": 3.714429289303661, "Alcohol Dependence": 4.8333332870114045, "Emergency Contraception": 4.254545454545455, "Major Depressive Disorde": 3.6901408450704225, "Anxiety": 4.012096774193548, "Bladder Infection": 3.647058831110958, "Benign Prostatic Hyperplasia": 3.40000000001187, "Rheumatoid Arthritis": 3.7, "Endometriosis": 2.925925925929955, "ADHD": 3.776978417266187, "Restless Legs Syndrome": 4.131578947368421, "Conjunctivitis, Allergic": 2.081308306046421, "Raynaud's Syndrome": 3.714429289303661, "Schizophrenia": 4.0967741935483515, "Diabetes, Type 1": 2.7167586924492633, "Kidney Infections": 4.329191100830205, "Generalized Anxiety Disorde": 4.116279069767442, "Obesity": 4.1, "Nausea/Vomiting": 3.7777777777777777, "Osteoarthritis": 3.830188679245283, "Motion Sickness": 4.499903064835247, "High Blood Pressure": 3.3066666666666666, "Psoriatic Arthritis": 4.307688662580738, "Interstitial Cystitis": 4.88849503370894, "Postmenopausal Symptoms": 3.83333332841078, "Bacterial Skin Infection": 4.33332299675581, "ibromyalgia": 3.6962025316455698, "Cough and Nasal Congestion": 3.7142857146102406, "Diabetic Peripheral Neuropathy": 3.3636522888875446, "12</span> users found this comment helpful.": 3.714429289303661, "Renal Cell Carcinoma": 4.426805624180747, "Constipation": 3.962025316455696, "Social Anxiety Disorde": 3.8666665400770204, "Nausea/Vomiting of Pregnancy": 2.62004435918532, "Binge Eating Disorde": 4.780474697268718, "Hepatitis C": 4.387096774193485, "Back Pain": 4.379310344827127, "Cold Sores": 4.142856174471256, "Opiate Dependence": 4.1875, "Heart Attack": 3.923198207163687, "Asthma": 3.3000511383264297, "Cough": 3.2045454545454546, "Erectile Dysfunction": 3.7948717948717947, "Autoimmune Hepatitis": 3.714429289303661, "Constipation, Chronic": 3.56000000000583, "Seizures": 3.63157894863023, "Bacterial Vaginitis": 3.652173913060844, "Not Listed / Othe": 3.9523809518904978, "Headache": 4.479999999971099, "Anesthesia": 3.9166632890149136, "mance Anxiety": 4.998828779268534, "Menstrual Disorders": 3.533333483919696, "Pneumonia": 3.9374999317621726, "Constipation, Acute": 4.191266423245974, "0</span> users found this comment helpful.": 3.923198207163687, "Chronic Pain": 3.8153846153846156, "Benign Essential Trem": 3.378761084855809, "Human Papilloma Virus": 3.79846090723081, "Hypersomnia": 4.1417978022255, "Diabetic Kidney Disease": 3.714429289303661, "Meniere's Disease": 4.654256785793692, "Nasal Congestion": 3.8571425345639123, "Obsessive Compulsive Disorde": 4.47619047462037, "Chronic Myelogenous Leukemia": 4.553157188826319, "emale Infertility": 3.602058149223229, "Oral Thrush": 3.714429289303661, "Actinic Keratosis": 4.224600091396896, "HIV Infection": 4.60869565192446, "Vitamin/Mineral Supplementation during Pregnancy/Lactation": 4.846756214818946, "Bacterial Infection": 3.6153846153846154, "Vitamin D Deficiency": 3.714429289303661, "Sciatica": 3.3358839517544907, "Otitis Media": 4.07142776449442, "Skin or Soft Tissue Infection": 2.289246959516392, "Crohn's Disease": 4.700887154808113, "GERD": 4.076923076923077, "Labor Induction": 3.378761084855809, "Myasthenia Gravis": 3.994863665238392, "Psoriasis": 4.269230769223064, "Soft Tissue Sarcoma": 3.714429289303661, "Osteoporosis": 2.889165733969873, "Ovarian Cysts": 2.3337964840423546, "Giardiasis": 3.714429289303661, "Diverticulitis": 3.994863665238392, "Influenza": 3.461540015343863, "Abnormal Uterine Bleeding": 2.4945054945054945, "Anxiety and Stress": 3.8055555555555554, "Sinusitis": 3.297872340425532, "Gastroenteritis": 4.654256785793692, "Period Pain": 4.33332299675581, "Inflammatory Conditions": 4.545416818679079, "Muscle Pain": 3.9659591368410636, "Allergic Rhinitis": 3.2444444444444445, "6</span> users found this comment helpful.": 3.557668917848684, "Neutropenia Associated with Chemotherapy": 3.923198207163687, "Herpes Simplex, Suppression": 3.7142860692926285, "Multiple Sclerosis": 4.074074074072237, "24</span> users found this comment helpful.": 3.714429289303661, "Vertig": 3.7142860692926285, "Muscle Spasm": 3.72972972972973, "Bronchitis": 3.71428571428601, "Autism": 4.163639909317587, "Alpha-1 Proteinase Inhibitor Deficiency": 3.714429289303661, "High Cholesterol": 3.735294117647059, "Urticaria": 3.538462619638124, "Systemic Lupus Erythematosus": 3.571782158315005, "Diarrhea": 4.444199633766925, "Crohn's Disease, Acute": 3.0338824328688547, "Migraine": 4.188405797101449, "Pulmonary Hypertension": 3.0851620588631814, "Breast Cance": 2.8823530348143174, "Seizure Prevention": 4.222051933795918, "Borderline Personality Disorde": 4.2843017132031225, "Rat-bite Feve": 3.714429289303661, "COPD, Maintenance": 3.7499675932615344, "Alopecia": 3.50143514326711, "Dysuria": 4.654256785793692, "Warts": 3.714429289303661, "Leukemia": 3.714429289303661, "Underactive Thyroid": 3.4444444556216487, "Still's Disease": 3.714429289303661, "Hashimoto's disease": 2.7167586924492633, "Mitral Valve Prolapse": 4.224600091396896, "Epilepsy": 3.2222222425992872, "Hypogonadism, Male": 3.391304347916222, "9</span> users found this comment helpful.": 4.654256785793692, "Overactive Bladde": 3.382352941176472, "Peripheral Neuropathy": 3.8325375262923487, "Glaucoma, Open Angle": 3.0338824328688547, "Onychomycosis, Toenail": 3.8888888816663703, "Cluster Headaches": 4.224600091396896, "Ulcerative Colitis": 3.400000261456767, "Asthma, Maintenance": 3.9565217390629037, "Deep Vein Thrombosis": 3.856789980270252, "min / sitagliptin)": 2.4979640068779267, "Post Traumatic Stress Disorde": 3.3529412171507116, "Bursitis": 3.714429289303661, "Prostatitis": 1.9107659548926716, "Postoperative Pain": 3.714429289303661, "Human Papillomavirus Prophylaxis": 3.923198207163687, "Chlamydia Infection": 3.5789473704844394, "Ulcerative Colitis, Active": 4.224600091396896, "me": 3.714429289303661, "Computed Tomography": 3.714429289303661, "Herpes Zoster, Prophylaxis": 3.714429289303661, "Supraventricular Tachycardia": 4.462743623102504, "Indigestion": 4.654256785793692, "Gout, Acute": 4.88849503370894, "Nocturnal Leg Cramps": 3.714429289303661, "10</span> users found this comment helpful.": 3.714429289303661, "Prostate Cance": 4.2843017132031225, "Anal Fissure and Fistula": 4.28872749647869, "Parkinson's Disease": 3.2092526332080653, "Premenstrual Dysphoric Disorde": 4.222222201199912, "atigue": 3.714429289303661, "2</span> users found this comment helpful.": 2.8266103392186794, "Urinary Incontinence": 3.125537000258035, "COPD": 4.499284304865734, "Duodenal Ulce": 4.654256785793692, "Alzheimer's Disease": 3.50143514326711, "Atrial Fibrillation": 3.666986334779729, "Basal Cell Carcinoma": 2.4610810499036773, "Barrett's Esophagus": 4.654256785793692, "Androgenetic Alopecia": 4.259558162833691, "Hypothyroidism, After Thyroid Removal": 3.3358839517544907, "Ankylosing Spondylitis": 4.329191100830205, "Postpartum Depression": 3.8888303838394065, "Opioid Overdose": 3.714429289303661, "Prevention of Bladder infection": 2.8164471171929018,